name,base_seq,length
MluCI,AATT,4
HpyCH4IV,ACGT,4
AluI,AGCT,4
CviAII_FatI_NlaIII,CATG,4
MspI_HpaII,CCGG,4
BstUI,CGCG,4
BfaI,CTAG,4
MboI_Sau3AI_DpnI_DpnII,GATC,4
HinP1I_HhaI,GCGC,4
HaeIII,GGCC,4
CviQI_RsaI,GTAC,4
TaqI-v2,TCGA,4
HpyCH4V,TGCA,4
MseI,TTAA,4
AclI,AACGTT,6
HindIII_HindIII-HF,AAGCTT,6
SspI_SspI-HF,AATATT,6
PciI,ACATGT,6
AgeI_AgeI-HF,ACCGGT,6
MluI_MluI-HF,ACGCGT,6
SpeI_SpeI-HF,ACTAGT,6
BglII,AGATCT,6
AfeI,AGCGCT,6
StuI,AGGCCT,6
ScaI-HF,AGTACT,6
ClaI_BspDI,ATCGAT,6
NsiI_NsiI-HF,ATGCAT,6
AseI,ATTAAT,6
MfeI_MfeI-HF,CAATTG,6
Nb.BssSI,CACGAG,6
PmlI,CACGTG,6
PvuII_PvuII-HF,CAGCTG,6
NdeI,CATATG,6
NcoI_NcoI-HF,CCATGG,6
SmaI_XmaI_TspMI,CCCGGG,6
SacII,CCGCGG,6
AvrII,CCTAGG,6
PvuI_PvuI-HF,CGATCG,6
EagI_EagI-HF,CGGCCG,6
BsiWI_BsiWI-HF,CGTACG,6
BsmBI-v2,CGTCTC,6
XhoI_PaeR7I,CTCGAG,6
PstI_PstI-HF,CTGCAG,6
AflII,CTTAAG,6
Nb.BsmI,GAATGC,6
EcoRI_EcoRI-HF,GAATTC,6
AatII_ZraI,GACGTC,6
Eco53kI_SacI_SacI-HF,GAGCTC,6
EcoRV_EcoRV-HF,GATATC,6
Nb.BsrDI,GCAATG,6
Nb.BtsI,GCAGTG,6
SphI_SphI-HF,GCATGC,6
NaeI_NgoMIV,GCCGGC,6
BssHII,GCGCGC,6
BmtI_BmtI-HF_NheI_NheI-HF,GCTAGC,6
BamHI_BamHI-HF,GGATCC,6
KasI_NarI_PluTI_SfoI,GGCGCC,6
ApaI_PspOMI,GGGCCC,6
Acc65I_KpnI_KpnI-HF,GGTACC,6
BstZ17I-HF,GTATAC,6
SalI_SalI-HF,GTCGAC,6
ApaLI,GTGCAC,6
HpaI,GTTAAC,6
SnaBI,TACGTA,6
BspHI,TCATGA,6
BspEI,TCCGGA,6
NruI_NruI-HF,TCGCGA,6
XbaI,TCTAGA,6
BclI_BclI-HF,TGATCA,6
FspI,TGCGCA,6
MscI,TGGCCA,6
BsrGI_BsrGI-HF,TGTACA,6
PsiI-v2,TTATAA,6
BstBI,TTCGAA,6
DraI,TTTAAA,6
SwaI,ATTTAAAT,8
SbfI_SbfI-HF,CCTGCAGG,8
SrfI,GCCCGGGC,8
AsiSI,GCGATCGC,8
NotI_NotI-HF,GCGGCCGC,8
FseI,GGCCGGCC,8
AscI,GGCGCGCC,8
PmeI,GTTTAAAC,8
PacI,TTAATTAA,8
